2784688	DoctorName	DoctorAddress	DoctorContactNo.
170513412	DoctorName	DoctorAddress	DoctorContactNo.
121054188	DoctorName	DoctorAddress	DoctorContactNo.
107834188	DoctorName	DoctorAddress	DoctorContactNo.
103804688	DoctorName	DoctorAddress	DoctorContactNo.
49173169	DoctorName	DoctorAddress	DoctorContactNo.
268565132	DoctorName	DoctorAddress	DoctorContactNo.
475497	DoctorName	DoctorAddress	DoctorContactNo.
44692703	DoctorName	DoctorAddress	DoctorContactNo.
44259972	DoctorName	DoctorAddress	DoctorContactNo.
38966698	DoctorName	DoctorAddress	DoctorContactNo.
3431699	DoctorName	DoctorAddress	DoctorContactNo.
228120423	DoctorName	DoctorAddress	DoctorContactNo.
3179205	DoctorName	DoctorAddress	DoctorContactNo.
3062023	DoctorName	DoctorAddress	DoctorContactNo.
3038165	DoctorName	DoctorAddress	DoctorContactNo.
129235665	DoctorName	DoctorAddress	DoctorContactNo.
171698742	DoctorName	DoctorAddress	DoctorContactNo.
268759023	DoctorName	DoctorAddress	DoctorContactNo.
252756932	DoctorName	DoctorAddress	DoctorContactNo.
171307963	DoctorName	DoctorAddress	DoctorContactNo.
190189665	DoctorName	DoctorAddress	DoctorContactNo.
218460196	DoctorName	DoctorAddress	DoctorContactNo.
264094023	DoctorName	DoctorAddress	DoctorContactNo.
189745697	DoctorName	DoctorAddress	DoctorContactNo.
128717003	DoctorName	DoctorAddress	DoctorContactNo.
208032709	DoctorName	DoctorAddress	DoctorContactNo.
250917949	DoctorName	DoctorAddress	DoctorContactNo.
128534016	DoctorName	DoctorAddress	DoctorContactNo.
171034183	DoctorName	DoctorAddress	DoctorContactNo.
268020698	DoctorName	DoctorAddress	DoctorContactNo.
128001703	DoctorName	DoctorAddress	DoctorContactNo.
2729428	DoctorName	DoctorAddress	DoctorContactNo.
2512348	DoctorName	DoctorAddress	DoctorContactNo.
2425243	DoctorName	DoctorAddress	DoctorContactNo.
207947165	DoctorName	DoctorAddress	DoctorContactNo.
171009162	DoctorName	DoctorAddress	DoctorContactNo.
2214978	DoctorName	DoctorAddress	DoctorContactNo.
233878932	DoctorName	DoctorAddress	DoctorContactNo.
2081549	DoctorName	DoctorAddress	DoctorContactNo.
170812497	DoctorName	DoctorAddress	DoctorContactNo.
246627675	DoctorName	DoctorAddress	DoctorContactNo.
2018183	DoctorName	DoctorAddress	DoctorContactNo.
2013458	DoctorName	DoctorAddress	DoctorContactNo.
1909706	DoctorName	DoctorAddress	DoctorContactNo.
188683169	DoctorName	DoctorAddress	DoctorContactNo.
265865122	DoctorName	DoctorAddress	DoctorContactNo.
127938165	DoctorName	DoctorAddress	DoctorContactNo.
170195206	DoctorName	DoctorAddress	DoctorContactNo.
207648423	DoctorName	DoctorAddress	DoctorContactNo.
127592034	DoctorName	DoctorAddress	DoctorContactNo.
64955846	DoctorName	DoctorAddress	DoctorContactNo.
127551932	DoctorName	DoctorAddress	DoctorContactNo.
255267733	DoctorName	DoctorAddress	DoctorContactNo.
170074432	DoctorName	DoctorAddress	DoctorContactNo.
151525698	DoctorName	DoctorAddress	DoctorContactNo.
64500958	DoctorName	DoctorAddress	DoctorContactNo.
179018205	DoctorName	DoctorAddress	DoctorContactNo.
169805467	DoctorName	DoctorAddress	DoctorContactNo.
250032718	DoctorName	DoctorAddress	DoctorContactNo.
169635472	DoctorName	DoctorAddress	DoctorContactNo.
126905703	DoctorName	DoctorAddress	DoctorContactNo.
169604523	DoctorName	DoctorAddress	DoctorContactNo.
126809432	DoctorName	DoctorAddress	DoctorContactNo.
188406519	DoctorName	DoctorAddress	DoctorContactNo.
126700317	DoctorName	DoctorAddress	DoctorContactNo.
227724709	DoctorName	DoctorAddress	DoctorContactNo.
233670542	DoctorName	DoctorAddress	DoctorContactNo.
126465716	DoctorName	DoctorAddress	DoctorContactNo.
126424210	DoctorName	DoctorAddress	DoctorContactNo.
126405732	DoctorName	DoctorAddress	DoctorContactNo.
231920165	DoctorName	DoctorAddress	DoctorContactNo.
126393432	DoctorName	DoctorAddress	DoctorContactNo.
236812034	DoctorName	DoctorAddress	DoctorContactNo.
64312497	DoctorName	DoctorAddress	DoctorContactNo.
233561932	DoctorName	DoctorAddress	DoctorContactNo.
267365632	DoctorName	DoctorAddress	DoctorContactNo.
254130472	DoctorName	DoctorAddress	DoctorContactNo.
169047197	DoctorName	DoctorAddress	DoctorContactNo.
126073023	DoctorName	DoctorAddress	DoctorContactNo.
64134918	DoctorName	DoctorAddress	DoctorContactNo.
64039462	DoctorName	DoctorAddress	DoctorContactNo.
233310472	DoctorName	DoctorAddress	DoctorContactNo.
63624972	DoctorName	DoctorAddress	DoctorContactNo.
168818272	DoctorName	DoctorAddress	DoctorContactNo.
126016169	DoctorName	DoctorAddress	DoctorContactNo.
63549195	DoctorName	DoctorAddress	DoctorContactNo.
150918665	DoctorName	DoctorAddress	DoctorContactNo.
215317632	DoctorName	DoctorAddress	DoctorContactNo.
198519179	DoctorName	DoctorAddress	DoctorContactNo.
214948702	DoctorName	DoctorAddress	DoctorContactNo.
150274675	DoctorName	DoctorAddress	DoctorContactNo.
251096923	DoctorName	DoctorAddress	DoctorContactNo.
198078932	DoctorName	DoctorAddress	DoctorContactNo.
63515176	DoctorName	DoctorAddress	DoctorContactNo.
248481242	DoctorName	DoctorAddress	DoctorContactNo.
236715097	DoctorName	DoctorAddress	DoctorContactNo.
148933242	DoctorName	DoctorAddress	DoctorContactNo.
63248702	DoctorName	DoctorAddress	DoctorContactNo.
231906428	DoctorName	DoctorAddress	DoctorContactNo.
244987699	DoctorName	DoctorAddress	DoctorContactNo.
214800473	DoctorName	DoctorAddress	DoctorContactNo.
125273023	DoctorName	DoctorAddress	DoctorContactNo.
221347534	DoctorName	DoctorAddress	DoctorContactNo.
62930709	DoctorName	DoctorAddress	DoctorContactNo.
61035348	DoctorName	DoctorAddress	DoctorContactNo.
188171665	DoctorName	DoctorAddress	DoctorContactNo.
60897972	DoctorName	DoctorAddress	DoctorContactNo.
246622743	DoctorName	DoctorAddress	DoctorContactNo.
60640972	DoctorName	DoctorAddress	DoctorContactNo.
148688958	DoctorName	DoctorAddress	DoctorContactNo.
254026702	DoctorName	DoctorAddress	DoctorContactNo.
148634208	DoctorName	DoctorAddress	DoctorContactNo.
250971665	DoctorName	DoctorAddress	DoctorContactNo.
59337932	DoctorName	DoctorAddress	DoctorContactNo.
58568523	DoctorName	DoctorAddress	DoctorContactNo.
148474016	DoctorName	DoctorAddress	DoctorContactNo.
197817523	DoctorName	DoctorAddress	DoctorContactNo.
148454707	DoctorName	DoctorAddress	DoctorContactNo.
214730665	DoctorName	DoctorAddress	DoctorContactNo.
58343208	DoctorName	DoctorAddress	DoctorContactNo.
240669669	DoctorName	DoctorAddress	DoctorContactNo.
58303523	DoctorName	DoctorAddress	DoctorContactNo.
221233921	DoctorName	DoctorAddress	DoctorContactNo.
56785472	DoctorName	DoctorAddress	DoctorContactNo.
148447165	DoctorName	DoctorAddress	DoctorContactNo.
148274972	DoctorName	DoctorAddress	DoctorContactNo.
56763042	DoctorName	DoctorAddress	DoctorContactNo.
56504224	DoctorName	DoctorAddress	DoctorContactNo.
56422165	DoctorName	DoctorAddress	DoctorContactNo.
264025999	DoctorName	DoctorAddress	DoctorContactNo.
56370023	DoctorName	DoctorAddress	DoctorContactNo.
56173205	DoctorName	DoctorAddress	DoctorContactNo.
125197197	DoctorName	DoctorAddress	DoctorContactNo.
55766023	DoctorName	DoctorAddress	DoctorContactNo.
55443207	DoctorName	DoctorAddress	DoctorContactNo.
54992205	DoctorName	DoctorAddress	DoctorContactNo.
148270688	DoctorName	DoctorAddress	DoctorContactNo.
54214695	DoctorName	DoctorAddress	DoctorContactNo.
147898023	DoctorName	DoctorAddress	DoctorContactNo.
54186196	DoctorName	DoctorAddress	DoctorContactNo.
54112023	DoctorName	DoctorAddress	DoctorContactNo.
236669442	DoctorName	DoctorAddress	DoctorContactNo.
147530169	DoctorName	DoctorAddress	DoctorContactNo.
214702499	DoctorName	DoctorAddress	DoctorContactNo.
53718165	DoctorName	DoctorAddress	DoctorContactNo.
53645034	DoctorName	DoctorAddress	DoctorContactNo.
53603023	DoctorName	DoctorAddress	DoctorContactNo.
147503199	DoctorName	DoctorAddress	DoctorContactNo.
53425211	DoctorName	DoctorAddress	DoctorContactNo.
53246488	DoctorName	DoctorAddress	DoctorContactNo.
258752523	DoctorName	DoctorAddress	DoctorContactNo.
52949902	DoctorName	DoctorAddress	DoctorContactNo.
256885432	DoctorName	DoctorAddress	DoctorContactNo.
214414195	DoctorName	DoctorAddress	DoctorContactNo.
52521402	DoctorName	DoctorAddress	DoctorContactNo.
52413478	DoctorName	DoctorAddress	DoctorContactNo.
248391193	DoctorName	DoctorAddress	DoctorContactNo.
52389963	DoctorName	DoctorAddress	DoctorContactNo.
206897472	DoctorName	DoctorAddress	DoctorContactNo.
52325432	DoctorName	DoctorAddress	DoctorContactNo.
125196157	DoctorName	DoctorAddress	DoctorContactNo.
125195665	DoctorName	DoctorAddress	DoctorContactNo.
231312023	DoctorName	DoctorAddress	DoctorContactNo.
178992042	DoctorName	DoctorAddress	DoctorContactNo.
261668457	DoctorName	DoctorAddress	DoctorContactNo.
214184665	DoctorName	DoctorAddress	DoctorContactNo.
261534848	DoctorName	DoctorAddress	DoctorContactNo.
124986669	DoctorName	DoctorAddress	DoctorContactNo.
196208496	DoctorName	DoctorAddress	DoctorContactNo.
217983468	DoctorName	DoctorAddress	DoctorContactNo.
240508165	DoctorName	DoctorAddress	DoctorContactNo.
221032665	DoctorName	DoctorAddress	DoctorContactNo.
255219169	DoctorName	DoctorAddress	DoctorContactNo.
178490943	DoctorName	DoctorAddress	DoctorContactNo.
51919165	DoctorName	DoctorAddress	DoctorContactNo.
51601432	DoctorName	DoctorAddress	DoctorContactNo.
239882433	DoctorName	DoctorAddress	DoctorContactNo.
51322543	DoctorName	DoctorAddress	DoctorContactNo.
51042499	DoctorName	DoctorAddress	DoctorContactNo.
50847932	DoctorName	DoctorAddress	DoctorContactNo.
188073932	DoctorName	DoctorAddress	DoctorContactNo.
196193197	DoctorName	DoctorAddress	DoctorContactNo.
220983165	DoctorName	DoctorAddress	DoctorContactNo.
213817432	DoctorName	DoctorAddress	DoctorContactNo.
253535176	DoctorName	DoctorAddress	DoctorContactNo.
50774482	DoctorName	DoctorAddress	DoctorContactNo.
50462705	DoctorName	DoctorAddress	DoctorContactNo.
236511902	DoctorName	DoctorAddress	DoctorContactNo.
50038197	DoctorName	DoctorAddress	DoctorContactNo.
147275042	DoctorName	DoctorAddress	DoctorContactNo.
264015196	DoctorName	DoctorAddress	DoctorContactNo.
146980996	DoctorName	DoctorAddress	DoctorContactNo.
262447902	DoctorName	DoctorAddress	DoctorContactNo.
238741198	DoctorName	DoctorAddress	DoctorContactNo.
124971665	DoctorName	DoctorAddress	DoctorContactNo.
187557472	DoctorName	DoctorAddress	DoctorContactNo.
124966920	DoctorName	DoctorAddress	DoctorContactNo.
124554473	DoctorName	DoctorAddress	DoctorContactNo.
168787523	DoctorName	DoctorAddress	DoctorContactNo.
124317218	DoctorName	DoctorAddress	DoctorContactNo.
217874687	DoctorName	DoctorAddress	DoctorContactNo.
168667165	DoctorName	DoctorAddress	DoctorContactNo.
124217669	DoctorName	DoctorAddress	DoctorContactNo.
238697402	DoctorName	DoctorAddress	DoctorContactNo.
123890973	DoctorName	DoctorAddress	DoctorContactNo.
168551472	DoctorName	DoctorAddress	DoctorContactNo.
168469418	DoctorName	DoctorAddress	DoctorContactNo.
123702196	DoctorName	DoctorAddress	DoctorContactNo.
217236403	DoctorName	DoctorAddress	DoctorContactNo.
178197665	DoctorName	DoctorAddress	DoctorContactNo.
123673665	DoctorName	DoctorAddress	DoctorContactNo.
123625423	DoctorName	DoctorAddress	DoctorContactNo.
123614473	DoctorName	DoctorAddress	DoctorContactNo.
123495043	DoctorName	DoctorAddress	DoctorContactNo.
123491708	DoctorName	DoctorAddress	DoctorContactNo.
246161698	DoctorName	DoctorAddress	DoctorContactNo.
238196665	DoctorName	DoctorAddress	DoctorContactNo.
123431346	DoctorName	DoctorAddress	DoctorContactNo.
167429914	DoctorName	DoctorAddress	DoctorContactNo.
123419165	DoctorName	DoctorAddress	DoctorContactNo.
123353972	DoctorName	DoctorAddress	DoctorContactNo.
227331968	DoctorName	DoctorAddress	DoctorContactNo.
265414846	DoctorName	DoctorAddress	DoctorContactNo.
123250447	DoctorName	DoctorAddress	DoctorContactNo.
123067531	DoctorName	DoctorAddress	DoctorContactNo.
167294504	DoctorName	DoctorAddress	DoctorContactNo.
250803023	DoctorName	DoctorAddress	DoctorContactNo.
264754004	DoctorName	DoctorAddress	DoctorContactNo.
123060433	DoctorName	DoctorAddress	DoctorContactNo.
255136463	DoctorName	DoctorAddress	DoctorContactNo.
242943742	DoctorName	DoctorAddress	DoctorContactNo.
254959208	DoctorName	DoctorAddress	DoctorContactNo.
264700677	DoctorName	DoctorAddress	DoctorContactNo.
123014846	DoctorName	DoctorAddress	DoctorContactNo.
167218062	DoctorName	DoctorAddress	DoctorContactNo.
166943016	DoctorName	DoctorAddress	DoctorContactNo.
246123172	DoctorName	DoctorAddress	DoctorContactNo.
122794932	DoctorName	DoctorAddress	DoctorContactNo.
122602042	DoctorName	DoctorAddress	DoctorContactNo.
206284472	DoctorName	DoctorAddress	DoctorContactNo.
260267252	DoctorName	DoctorAddress	DoctorContactNo.
242389523	DoctorName	DoctorAddress	DoctorContactNo.
121254188	DoctorName	DoctorAddress	DoctorContactNo.
166801523	DoctorName	DoctorAddress	DoctorContactNo.
121118632	DoctorName	DoctorAddress	DoctorContactNo.
238181165	DoctorName	DoctorAddress	DoctorContactNo.
205990853	DoctorName	DoctorAddress	DoctorContactNo.
241889963	DoctorName	DoctorAddress	DoctorContactNo.
241221669	DoctorName	DoctorAddress	DoctorContactNo.
166249727	DoctorName	DoctorAddress	DoctorContactNo.
205945553	DoctorName	DoctorAddress	DoctorContactNo.
165868122	DoctorName	DoctorAddress	DoctorContactNo.
120393447	DoctorName	DoctorAddress	DoctorContactNo.
205671468	DoctorName	DoctorAddress	DoctorContactNo.
119987903	DoctorName	DoctorAddress	DoctorContactNo.
119486211	DoctorName	DoctorAddress	DoctorContactNo.
119465292	DoctorName	DoctorAddress	DoctorContactNo.
205273023	DoctorName	DoctorAddress	DoctorContactNo.
165843967	DoctorName	DoctorAddress	DoctorContactNo.
232982697	DoctorName	DoctorAddress	DoctorContactNo.
119232169	DoctorName	DoctorAddress	DoctorContactNo.
165836049	DoctorName	DoctorAddress	DoctorContactNo.
244814748	DoctorName	DoctorAddress	DoctorContactNo.
258522242	DoctorName	DoctorAddress	DoctorContactNo.
146868031	DoctorName	DoctorAddress	DoctorContactNo.
177312023	DoctorName	DoctorAddress	DoctorContactNo.
146745697	DoctorName	DoctorAddress	DoctorContactNo.
165695516	DoctorName	DoctorAddress	DoctorContactNo.
165618772	DoctorName	DoctorAddress	DoctorContactNo.
118615807	DoctorName	DoctorAddress	DoctorContactNo.
118150698	DoctorName	DoctorAddress	DoctorContactNo.
165427727	DoctorName	DoctorAddress	DoctorContactNo.
165319413	DoctorName	DoctorAddress	DoctorContactNo.
117523665	DoctorName	DoctorAddress	DoctorContactNo.
117205516	DoctorName	DoctorAddress	DoctorContactNo.
205245205	DoctorName	DoctorAddress	DoctorContactNo.
117204519	DoctorName	DoctorAddress	DoctorContactNo.
117139472	DoctorName	DoctorAddress	DoctorContactNo.
205202459	DoctorName	DoctorAddress	DoctorContactNo.
165318772	DoctorName	DoctorAddress	DoctorContactNo.
240961701	DoctorName	DoctorAddress	DoctorContactNo.
117119023	DoctorName	DoctorAddress	DoctorContactNo.
116974165	DoctorName	DoctorAddress	DoctorContactNo.
116922669	DoctorName	DoctorAddress	DoctorContactNo.
116892473	DoctorName	DoctorAddress	DoctorContactNo.
116689564	DoctorName	DoctorAddress	DoctorContactNo.
49732169	DoctorName	DoctorAddress	DoctorContactNo.
116619023	DoctorName	DoctorAddress	DoctorContactNo.
165168812	DoctorName	DoctorAddress	DoctorContactNo.
49578473	DoctorName	DoctorAddress	DoctorContactNo.
254886187	DoctorName	DoctorAddress	DoctorContactNo.
265435165	DoctorName	DoctorAddress	DoctorContactNo.
116595004	DoctorName	DoctorAddress	DoctorContactNo.
116516496	DoctorName	DoctorAddress	DoctorContactNo.
116472501	DoctorName	DoctorAddress	DoctorContactNo.
115938165	DoctorName	DoctorAddress	DoctorContactNo.
115371523	DoctorName	DoctorAddress	DoctorContactNo.
165048165	DoctorName	DoctorAddress	DoctorContactNo.
115023459	DoctorName	DoctorAddress	DoctorContactNo.
114830972	DoctorName	DoctorAddress	DoctorContactNo.
113804523	DoctorName	DoctorAddress	DoctorContactNo.
164508665	DoctorName	DoctorAddress	DoctorContactNo.
113682169	DoctorName	DoctorAddress	DoctorContactNo.
113613653	DoctorName	DoctorAddress	DoctorContactNo.
113489496	DoctorName	DoctorAddress	DoctorContactNo.
164485458	DoctorName	DoctorAddress	DoctorContactNo.
113263018	DoctorName	DoctorAddress	DoctorContactNo.
112931710	DoctorName	DoctorAddress	DoctorContactNo.
164300432	DoctorName	DoctorAddress	DoctorContactNo.
164253932	DoctorName	DoctorAddress	DoctorContactNo.
240718169	DoctorName	DoctorAddress	DoctorContactNo.
112683349	DoctorName	DoctorAddress	DoctorContactNo.
112503348	DoctorName	DoctorAddress	DoctorContactNo.
112470911	DoctorName	DoctorAddress	DoctorContactNo.
164229697	DoctorName	DoctorAddress	DoctorContactNo.
112305748	DoctorName	DoctorAddress	DoctorContactNo.
112182169	DoctorName	DoctorAddress	DoctorContactNo.
112012957	DoctorName	DoctorAddress	DoctorContactNo.
111930169	DoctorName	DoctorAddress	DoctorContactNo.
164086031	DoctorName	DoctorAddress	DoctorContactNo.
269371523	DoctorName	DoctorAddress	DoctorContactNo.
258358542	DoctorName	DoctorAddress	DoctorContactNo.
163610534	DoctorName	DoctorAddress	DoctorContactNo.
163477738	DoctorName	DoctorAddress	DoctorContactNo.
111351932	DoctorName	DoctorAddress	DoctorContactNo.
110687459	DoctorName	DoctorAddress	DoctorContactNo.
163177490	DoctorName	DoctorAddress	DoctorContactNo.
226910742	DoctorName	DoctorAddress	DoctorContactNo.
238142188	DoctorName	DoctorAddress	DoctorContactNo.
163044496	DoctorName	DoctorAddress	DoctorContactNo.
256789549	DoctorName	DoctorAddress	DoctorContactNo.
217080932	DoctorName	DoctorAddress	DoctorContactNo.
163025195	DoctorName	DoctorAddress	DoctorContactNo.
110549165	DoctorName	DoctorAddress	DoctorContactNo.
110447996	DoctorName	DoctorAddress	DoctorContactNo.
110442221	DoctorName	DoctorAddress	DoctorContactNo.
226708210	DoctorName	DoctorAddress	DoctorContactNo.
110227202	DoctorName	DoctorAddress	DoctorContactNo.
162801472	DoctorName	DoctorAddress	DoctorContactNo.
109827472	DoctorName	DoctorAddress	DoctorContactNo.
109469699	DoctorName	DoctorAddress	DoctorContactNo.
109142081	DoctorName	DoctorAddress	DoctorContactNo.
108955665	DoctorName	DoctorAddress	DoctorContactNo.
108742012	DoctorName	DoctorAddress	DoctorContactNo.
256766023	DoctorName	DoctorAddress	DoctorContactNo.
162611748	DoctorName	DoctorAddress	DoctorContactNo.
254782972	DoctorName	DoctorAddress	DoctorContactNo.
108245165	DoctorName	DoctorAddress	DoctorContactNo.
259577972	DoctorName	DoctorAddress	DoctorContactNo.
162265023	DoctorName	DoctorAddress	DoctorContactNo.
108085023	DoctorName	DoctorAddress	DoctorContactNo.
107968519	DoctorName	DoctorAddress	DoctorContactNo.
226300523	DoctorName	DoctorAddress	DoctorContactNo.
107884549	DoctorName	DoctorAddress	DoctorContactNo.
259536165	DoctorName	DoctorAddress	DoctorContactNo.
204964978	DoctorName	DoctorAddress	DoctorContactNo.
240674718	DoctorName	DoctorAddress	DoctorContactNo.
204945931	DoctorName	DoctorAddress	DoctorContactNo.
238092023	DoctorName	DoctorAddress	DoctorContactNo.
187363932	DoctorName	DoctorAddress	DoctorContactNo.
249922165	DoctorName	DoctorAddress	DoctorContactNo.
263864688	DoctorName	DoctorAddress	DoctorContactNo.
245555523	DoctorName	DoctorAddress	DoctorContactNo.
204762932	DoctorName	DoctorAddress	DoctorContactNo.
237991456	DoctorName	DoctorAddress	DoctorContactNo.
226149675	DoctorName	DoctorAddress	DoctorContactNo.
107712163	DoctorName	DoctorAddress	DoctorContactNo.
258147213	DoctorName	DoctorAddress	DoctorContactNo.
225983846	DoctorName	DoctorAddress	DoctorContactNo.
162182197	DoctorName	DoctorAddress	DoctorContactNo.
107681553	DoctorName	DoctorAddress	DoctorContactNo.
107287723	DoctorName	DoctorAddress	DoctorContactNo.
162161732	DoctorName	DoctorAddress	DoctorContactNo.
232975703	DoctorName	DoctorAddress	DoctorContactNo.
107132932	DoctorName	DoctorAddress	DoctorContactNo.
106917669	DoctorName	DoctorAddress	DoctorContactNo.
204672016	DoctorName	DoctorAddress	DoctorContactNo.
232901421	DoctorName	DoctorAddress	DoctorContactNo.
106216665	DoctorName	DoctorAddress	DoctorContactNo.
106004978	DoctorName	DoctorAddress	DoctorContactNo.
161807032	DoctorName	DoctorAddress	DoctorContactNo.
204581517	DoctorName	DoctorAddress	DoctorContactNo.
105445709	DoctorName	DoctorAddress	DoctorContactNo.
161784932	DoctorName	DoctorAddress	DoctorContactNo.
104968669	DoctorName	DoctorAddress	DoctorContactNo.
104422196	DoctorName	DoctorAddress	DoctorContactNo.
104407710	DoctorName	DoctorAddress	DoctorContactNo.
204466665	DoctorName	DoctorAddress	DoctorContactNo.
104331932	DoctorName	DoctorAddress	DoctorContactNo.
104104004	DoctorName	DoctorAddress	DoctorContactNo.
204037165	DoctorName	DoctorAddress	DoctorContactNo.
204023665	DoctorName	DoctorAddress	DoctorContactNo.
187271159	DoctorName	DoctorAddress	DoctorContactNo.
187077998	DoctorName	DoctorAddress	DoctorContactNo.
161684665	DoctorName	DoctorAddress	DoctorContactNo.
187054023	DoctorName	DoctorAddress	DoctorContactNo.
103802472	DoctorName	DoctorAddress	DoctorContactNo.
161382049	DoctorName	DoctorAddress	DoctorContactNo.
103766034	DoctorName	DoctorAddress	DoctorContactNo.
225734665	DoctorName	DoctorAddress	DoctorContactNo.
203878472	DoctorName	DoctorAddress	DoctorContactNo.
103653696	DoctorName	DoctorAddress	DoctorContactNo.
186570422	DoctorName	DoctorAddress	DoctorContactNo.
161235696	DoctorName	DoctorAddress	DoctorContactNo.
160974665	DoctorName	DoctorAddress	DoctorContactNo.
186529421	DoctorName	DoctorAddress	DoctorContactNo.
186262947	DoctorName	DoctorAddress	DoctorContactNo.
160818432	DoctorName	DoctorAddress	DoctorContactNo.
267314034	DoctorName	DoctorAddress	DoctorContactNo.
160801657	DoctorName	DoctorAddress	DoctorContactNo.
160644534	DoctorName	DoctorAddress	DoctorContactNo.
202966665	DoctorName	DoctorAddress	DoctorContactNo.
225538714	DoctorName	DoctorAddress	DoctorContactNo.
268663742	DoctorName	DoctorAddress	DoctorContactNo.
225269023	DoctorName	DoctorAddress	DoctorContactNo.
103512226	DoctorName	DoctorAddress	DoctorContactNo.
103108948	DoctorName	DoctorAddress	DoctorContactNo.
102972816	DoctorName	DoctorAddress	DoctorContactNo.
250667949	DoctorName	DoctorAddress	DoctorContactNo.
102913478	DoctorName	DoctorAddress	DoctorContactNo.
102772023	DoctorName	DoctorAddress	DoctorContactNo.
102690197	DoctorName	DoctorAddress	DoctorContactNo.
202905899	DoctorName	DoctorAddress	DoctorContactNo.
202812932	DoctorName	DoctorAddress	DoctorContactNo.
225208019	DoctorName	DoctorAddress	DoctorContactNo.
102378483	DoctorName	DoctorAddress	DoctorContactNo.
232829034	DoctorName	DoctorAddress	DoctorContactNo.
202762688	DoctorName	DoctorAddress	DoctorContactNo.
102293473	DoctorName	DoctorAddress	DoctorContactNo.
101682169	DoctorName	DoctorAddress	DoctorContactNo.
186006706	DoctorName	DoctorAddress	DoctorContactNo.
101518169	DoctorName	DoctorAddress	DoctorContactNo.
101352193	DoctorName	DoctorAddress	DoctorContactNo.
101269712	DoctorName	DoctorAddress	DoctorContactNo.
185922443	DoctorName	DoctorAddress	DoctorContactNo.
101150205	DoctorName	DoctorAddress	DoctorContactNo.
100955411	DoctorName	DoctorAddress	DoctorContactNo.
100888467	DoctorName	DoctorAddress	DoctorContactNo.
258139708	DoctorName	DoctorAddress	DoctorContactNo.
249719837	DoctorName	DoctorAddress	DoctorContactNo.
100837187	DoctorName	DoctorAddress	DoctorContactNo.
100788017	DoctorName	DoctorAddress	DoctorContactNo.
202683669	DoctorName	DoctorAddress	DoctorContactNo.
244431348	DoctorName	DoctorAddress	DoctorContactNo.
146697699	DoctorName	DoctorAddress	DoctorContactNo.
48796532	DoctorName	DoctorAddress	DoctorContactNo.
48732169	DoctorName	DoctorAddress	DoctorContactNo.
236459928	DoctorName	DoctorAddress	DoctorContactNo.
146684165	DoctorName	DoctorAddress	DoctorContactNo.
100724165	DoctorName	DoctorAddress	DoctorContactNo.
225114473	DoctorName	DoctorAddress	DoctorContactNo.
100511710	DoctorName	DoctorAddress	DoctorContactNo.
100234669	DoctorName	DoctorAddress	DoctorContactNo.
100184163	DoctorName	DoctorAddress	DoctorContactNo.
202525542	DoctorName	DoctorAddress	DoctorContactNo.
100158714	DoctorName	DoctorAddress	DoctorContactNo.
100062023	DoctorName	DoctorAddress	DoctorContactNo.
99730665	DoctorName	DoctorAddress	DoctorContactNo.
99395032	DoctorName	DoctorAddress	DoctorContactNo.
160219165	DoctorName	DoctorAddress	DoctorContactNo.
98966349	DoctorName	DoctorAddress	DoctorContactNo.
98772517	DoctorName	DoctorAddress	DoctorContactNo.
98727914	DoctorName	DoctorAddress	DoctorContactNo.
97010597	DoctorName	DoctorAddress	DoctorContactNo.
160025458	DoctorName	DoctorAddress	DoctorContactNo.
202233195	DoctorName	DoctorAddress	DoctorContactNo.
96338708	DoctorName	DoctorAddress	DoctorContactNo.
96305653	DoctorName	DoctorAddress	DoctorContactNo.
159470165	DoctorName	DoctorAddress	DoctorContactNo.
159369676	DoctorName	DoctorAddress	DoctorContactNo.
159112497	DoctorName	DoctorAddress	DoctorContactNo.
185718665	DoctorName	DoctorAddress	DoctorContactNo.
146273018	DoctorName	DoctorAddress	DoctorContactNo.
146232698	DoctorName	DoctorAddress	DoctorContactNo.
48685943	DoctorName	DoctorAddress	DoctorContactNo.
146232169	DoctorName	DoctorAddress	DoctorContactNo.
95987665	DoctorName	DoctorAddress	DoctorContactNo.
245212210	DoctorName	DoctorAddress	DoctorContactNo.
185659721	DoctorName	DoctorAddress	DoctorContactNo.
158724911	DoctorName	DoctorAddress	DoctorContactNo.
224669665	DoctorName	DoctorAddress	DoctorContactNo.
216866572	DoctorName	DoctorAddress	DoctorContactNo.
95965996	DoctorName	DoctorAddress	DoctorContactNo.
95905165	DoctorName	DoctorAddress	DoctorContactNo.
95794932	DoctorName	DoctorAddress	DoctorContactNo.
158351523	DoctorName	DoctorAddress	DoctorContactNo.
95712743	DoctorName	DoctorAddress	DoctorContactNo.
95585687	DoctorName	DoctorAddress	DoctorContactNo.
220724165	DoctorName	DoctorAddress	DoctorContactNo.
95421165	DoctorName	DoctorAddress	DoctorContactNo.
158216169	DoctorName	DoctorAddress	DoctorContactNo.
157935695	DoctorName	DoctorAddress	DoctorContactNo.
95230227	DoctorName	DoctorAddress	DoctorContactNo.
94807023	DoctorName	DoctorAddress	DoctorContactNo.
177165169	DoctorName	DoctorAddress	DoctorContactNo.
48485665	DoctorName	DoctorAddress	DoctorContactNo.
48477695	DoctorName	DoctorAddress	DoctorContactNo.
157783932	DoctorName	DoctorAddress	DoctorContactNo.
94533698	DoctorName	DoctorAddress	DoctorContactNo.
94360657	DoctorName	DoctorAddress	DoctorContactNo.
93871972	DoctorName	DoctorAddress	DoctorContactNo.
48435443	DoctorName	DoctorAddress	DoctorContactNo.
48301432	DoctorName	DoctorAddress	DoctorContactNo.
176410348	DoctorName	DoctorAddress	DoctorContactNo.
240487165	DoctorName	DoctorAddress	DoctorContactNo.
93545665	DoctorName	DoctorAddress	DoctorContactNo.
232818497	DoctorName	DoctorAddress	DoctorContactNo.
93051973	DoctorName	DoctorAddress	DoctorContactNo.
263756447	DoctorName	DoctorAddress	DoctorContactNo.
92865438	DoctorName	DoctorAddress	DoctorContactNo.
232739169	DoctorName	DoctorAddress	DoctorContactNo.
47986102	DoctorName	DoctorAddress	DoctorContactNo.
92406165	DoctorName	DoctorAddress	DoctorContactNo.
220550932	DoctorName	DoctorAddress	DoctorContactNo.
223980197	DoctorName	DoctorAddress	DoctorContactNo.
92189665	DoctorName	DoctorAddress	DoctorContactNo.
92045198	DoctorName	DoctorAddress	DoctorContactNo.
771049	DoctorName	DoctorAddress	DoctorContactNo.
201666165	DoctorName	DoctorAddress	DoctorContactNo.
91893932	DoctorName	DoctorAddress	DoctorContactNo.
91152214	DoctorName	DoctorAddress	DoctorContactNo.
146110997	DoctorName	DoctorAddress	DoctorContactNo.
91089042	DoctorName	DoctorAddress	DoctorContactNo.
91011699	DoctorName	DoctorAddress	DoctorContactNo.
201587188	DoctorName	DoctorAddress	DoctorContactNo.
201555023	DoctorName	DoctorAddress	DoctorContactNo.
90333504	DoctorName	DoctorAddress	DoctorContactNo.
90329688	DoctorName	DoctorAddress	DoctorContactNo.
250527403	DoctorName	DoctorAddress	DoctorContactNo.
90249952	DoctorName	DoctorAddress	DoctorContactNo.
89956457	DoctorName	DoctorAddress	DoctorContactNo.
89950197	DoctorName	DoctorAddress	DoctorContactNo.
232719178	DoctorName	DoctorAddress	DoctorContactNo.
258012499	DoctorName	DoctorAddress	DoctorContactNo.
47799983	DoctorName	DoctorAddress	DoctorContactNo.
89875176	DoctorName	DoctorAddress	DoctorContactNo.
89493165	DoctorName	DoctorAddress	DoctorContactNo.
89037165	DoctorName	DoctorAddress	DoctorContactNo.
89003733	DoctorName	DoctorAddress	DoctorContactNo.
185396923	DoctorName	DoctorAddress	DoctorContactNo.
88640023	DoctorName	DoctorAddress	DoctorContactNo.
201477914	DoctorName	DoctorAddress	DoctorContactNo.
88171665	DoctorName	DoctorAddress	DoctorContactNo.
87278018	DoctorName	DoctorAddress	DoctorContactNo.
86452727	DoctorName	DoctorAddress	DoctorContactNo.
86351023	DoctorName	DoctorAddress	DoctorContactNo.
185366472	DoctorName	DoctorAddress	DoctorContactNo.
86272653	DoctorName	DoctorAddress	DoctorContactNo.
200787208	DoctorName	DoctorAddress	DoctorContactNo.
85971848	DoctorName	DoctorAddress	DoctorContactNo.
85235728	DoctorName	DoctorAddress	DoctorContactNo.
85223669	DoctorName	DoctorAddress	DoctorContactNo.
85196165	DoctorName	DoctorAddress	DoctorContactNo.
200718206	DoctorName	DoctorAddress	DoctorContactNo.
84926743	DoctorName	DoctorAddress	DoctorContactNo.
84671849	DoctorName	DoctorAddress	DoctorContactNo.
185045165	DoctorName	DoctorAddress	DoctorContactNo.
84493519	DoctorName	DoctorAddress	DoctorContactNo.
157445156	DoctorName	DoctorAddress	DoctorContactNo.
157170457	DoctorName	DoctorAddress	DoctorContactNo.
84329534	DoctorName	DoctorAddress	DoctorContactNo.
84250023	DoctorName	DoctorAddress	DoctorContactNo.
262774033	DoctorName	DoctorAddress	DoctorContactNo.
84039665	DoctorName	DoctorAddress	DoctorContactNo.
83590432	DoctorName	DoctorAddress	DoctorContactNo.
83035665	DoctorName	DoctorAddress	DoctorContactNo.
251854472	DoctorName	DoctorAddress	DoctorContactNo.
184923669	DoctorName	DoctorAddress	DoctorContactNo.
83004195	DoctorName	DoctorAddress	DoctorContactNo.
156926699	DoctorName	DoctorAddress	DoctorContactNo.
82848187	DoctorName	DoctorAddress	DoctorContactNo.
82583031	DoctorName	DoctorAddress	DoctorContactNo.
223980165	DoctorName	DoctorAddress	DoctorContactNo.
82474718	DoctorName	DoctorAddress	DoctorContactNo.
82242013	DoctorName	DoctorAddress	DoctorContactNo.
232539165	DoctorName	DoctorAddress	DoctorContactNo.
82180199	DoctorName	DoctorAddress	DoctorContactNo.
184816272	DoctorName	DoctorAddress	DoctorContactNo.
156830972	DoctorName	DoctorAddress	DoctorContactNo.
200183669	DoctorName	DoctorAddress	DoctorContactNo.
232529198	DoctorName	DoctorAddress	DoctorContactNo.
223587523	DoctorName	DoctorAddress	DoctorContactNo.
82035665	DoctorName	DoctorAddress	DoctorContactNo.
81489214	DoctorName	DoctorAddress	DoctorContactNo.
81419665	DoctorName	DoctorAddress	DoctorContactNo.
200043627	DoctorName	DoctorAddress	DoctorContactNo.
80869272	DoctorName	DoctorAddress	DoctorContactNo.
80687165	DoctorName	DoctorAddress	DoctorContactNo.
156820042	DoctorName	DoctorAddress	DoctorContactNo.
80471665	DoctorName	DoctorAddress	DoctorContactNo.
156369212	DoctorName	DoctorAddress	DoctorContactNo.
80198348	DoctorName	DoctorAddress	DoctorContactNo.
155716527	DoctorName	DoctorAddress	DoctorContactNo.
199837432	DoctorName	DoctorAddress	DoctorContactNo.
79991457	DoctorName	DoctorAddress	DoctorContactNo.
155640932	DoctorName	DoctorAddress	DoctorContactNo.
79931516	DoctorName	DoctorAddress	DoctorContactNo.
79437665	DoctorName	DoctorAddress	DoctorContactNo.
79029349	DoctorName	DoctorAddress	DoctorContactNo.
78891432	DoctorName	DoctorAddress	DoctorContactNo.
78853432	DoctorName	DoctorAddress	DoctorContactNo.
78723169	DoctorName	DoctorAddress	DoctorContactNo.
78637523	DoctorName	DoctorAddress	DoctorContactNo.
47376932	DoctorName	DoctorAddress	DoctorContactNo.
155416665	DoctorName	DoctorAddress	DoctorContactNo.
155183165	DoctorName	DoctorAddress	DoctorContactNo.
47206710	DoctorName	DoctorAddress	DoctorContactNo.
145593208	DoctorName	DoctorAddress	DoctorContactNo.
222948346	DoctorName	DoctorAddress	DoctorContactNo.
222817023	DoctorName	DoctorAddress	DoctorContactNo.
184690459	DoctorName	DoctorAddress	DoctorContactNo.
47019804	DoctorName	DoctorAddress	DoctorContactNo.
240414198	DoctorName	DoctorAddress	DoctorContactNo.
145235665	DoctorName	DoctorAddress	DoctorContactNo.
515052	DoctorName	DoctorAddress	DoctorContactNo.
154981169	DoctorName	DoctorAddress	DoctorContactNo.
250379932	DoctorName	DoctorAddress	DoctorContactNo.
144925209	DoctorName	DoctorAddress	DoctorContactNo.
78562932	DoctorName	DoctorAddress	DoctorContactNo.
216765572	DoctorName	DoctorAddress	DoctorContactNo.
46982169	DoctorName	DoctorAddress	DoctorContactNo.
154652051	DoctorName	DoctorAddress	DoctorContactNo.
144895523	DoctorName	DoctorAddress	DoctorContactNo.
231030706	DoctorName	DoctorAddress	DoctorContactNo.
154509165	DoctorName	DoctorAddress	DoctorContactNo.
78458165	DoctorName	DoctorAddress	DoctorContactNo.
207032169	DoctorName	DoctorAddress	DoctorContactNo.
199604213	DoctorName	DoctorAddress	DoctorContactNo.
78198665	DoctorName	DoctorAddress	DoctorContactNo.
218456665	DoctorName	DoctorAddress	DoctorContactNo.
77984714	DoctorName	DoctorAddress	DoctorContactNo.
240328972	DoctorName	DoctorAddress	DoctorContactNo.
188492499	DoctorName	DoctorAddress	DoctorContactNo.
154493920	DoctorName	DoctorAddress	DoctorContactNo.
46967665	DoctorName	DoctorAddress	DoctorContactNo.
236151207	DoctorName	DoctorAddress	DoctorContactNo.
220548665	DoctorName	DoctorAddress	DoctorContactNo.
195874432	DoctorName	DoctorAddress	DoctorContactNo.
153894432	DoctorName	DoctorAddress	DoctorContactNo.
153840432	DoctorName	DoctorAddress	DoctorContactNo.
77817159	DoctorName	DoctorAddress	DoctorContactNo.
77733623	DoctorName	DoctorAddress	DoctorContactNo.
77452199	DoctorName	DoctorAddress	DoctorContactNo.
153810932	DoctorName	DoctorAddress	DoctorContactNo.
176347932	DoctorName	DoctorAddress	DoctorContactNo.
46842023	DoctorName	DoctorAddress	DoctorContactNo.
248239927	DoctorName	DoctorAddress	DoctorContactNo.
144413709	DoctorName	DoctorAddress	DoctorContactNo.
153721962	DoctorName	DoctorAddress	DoctorContactNo.
236118997	DoctorName	DoctorAddress	DoctorContactNo.
77267497	DoctorName	DoctorAddress	DoctorContactNo.
77203699	DoctorName	DoctorAddress	DoctorContactNo.
144313472	DoctorName	DoctorAddress	DoctorContactNo.
142942348	DoctorName	DoctorAddress	DoctorContactNo.
184664912	DoctorName	DoctorAddress	DoctorContactNo.
77200699	DoctorName	DoctorAddress	DoctorContactNo.
199566023	DoctorName	DoctorAddress	DoctorContactNo.
184436610	DoctorName	DoctorAddress	DoctorContactNo.
142596653	DoctorName	DoctorAddress	DoctorContactNo.
153395983	DoctorName	DoctorAddress	DoctorContactNo.
76501666	DoctorName	DoctorAddress	DoctorContactNo.
222617472	DoctorName	DoctorAddress	DoctorContactNo.
183577973	DoctorName	DoctorAddress	DoctorContactNo.
76016503	DoctorName	DoctorAddress	DoctorContactNo.
153292193	DoctorName	DoctorAddress	DoctorContactNo.
183074468	DoctorName	DoctorAddress	DoctorContactNo.
152997959	DoctorName	DoctorAddress	DoctorContactNo.
263533828	DoctorName	DoctorAddress	DoctorContactNo.
75646932	DoctorName	DoctorAddress	DoctorContactNo.
152871523	DoctorName	DoctorAddress	DoctorContactNo.
182762932	DoctorName	DoctorAddress	DoctorContactNo.
264430183	DoctorName	DoctorAddress	DoctorContactNo.
182511242	DoctorName	DoctorAddress	DoctorContactNo.
75030918	DoctorName	DoctorAddress	DoctorContactNo.
222016165	DoctorName	DoctorAddress	DoctorContactNo.
74528346	DoctorName	DoctorAddress	DoctorContactNo.
152592997	DoctorName	DoctorAddress	DoctorContactNo.
74189665	DoctorName	DoctorAddress	DoctorContactNo.
152270982	DoctorName	DoctorAddress	DoctorContactNo.
199420207	DoctorName	DoctorAddress	DoctorContactNo.
182341213	DoctorName	DoctorAddress	DoctorContactNo.
221985162	DoctorName	DoctorAddress	DoctorContactNo.
74059532	DoctorName	DoctorAddress	DoctorContactNo.
152196718	DoctorName	DoctorAddress	DoctorContactNo.
199224665	DoctorName	DoctorAddress	DoctorContactNo.
73989665	DoctorName	DoctorAddress	DoctorContactNo.
73804023	DoctorName	DoctorAddress	DoctorContactNo.
232214708	DoctorName	DoctorAddress	DoctorContactNo.
73503196	DoctorName	DoctorAddress	DoctorContactNo.
73392473	DoctorName	DoctorAddress	DoctorContactNo.
259259932	DoctorName	DoctorAddress	DoctorContactNo.
221868132	DoctorName	DoctorAddress	DoctorContactNo.
237027606	DoctorName	DoctorAddress	DoctorContactNo.
254457665	DoctorName	DoctorAddress	DoctorContactNo.
266368352	DoctorName	DoctorAddress	DoctorContactNo.
182068473	DoctorName	DoctorAddress	DoctorContactNo.
181937669	DoctorName	DoctorAddress	DoctorContactNo.
251784034	DoctorName	DoctorAddress	DoctorContactNo.
221768523	DoctorName	DoctorAddress	DoctorContactNo.
181515426	DoctorName	DoctorAddress	DoctorContactNo.
251302523	DoctorName	DoctorAddress	DoctorContactNo.
180987165	DoctorName	DoctorAddress	DoctorContactNo.
180051932	DoctorName	DoctorAddress	DoctorContactNo.
46429402	DoctorName	DoctorAddress	DoctorContactNo.
232175711	DoctorName	DoctorAddress	DoctorContactNo.
198974169	DoctorName	DoctorAddress	DoctorContactNo.
180050523	DoctorName	DoctorAddress	DoctorContactNo.
73236427	DoctorName	DoctorAddress	DoctorContactNo.
72987665	DoctorName	DoctorAddress	DoctorContactNo.
216368572	DoctorName	DoctorAddress	DoctorContactNo.
72972665	DoctorName	DoctorAddress	DoctorContactNo.
142557722	DoctorName	DoctorAddress	DoctorContactNo.
46420165	DoctorName	DoctorAddress	DoctorContactNo.
232039165	DoctorName	DoctorAddress	DoctorContactNo.
198665708	DoctorName	DoctorAddress	DoctorContactNo.
256901301	DoctorName	DoctorAddress	DoctorContactNo.
180024458	DoctorName	DoctorAddress	DoctorContactNo.
72685169	DoctorName	DoctorAddress	DoctorContactNo.
72466996	DoctorName	DoctorAddress	DoctorContactNo.
45586402	DoctorName	DoctorAddress	DoctorContactNo.
176311532	DoctorName	DoctorAddress	DoctorContactNo.
72434677	DoctorName	DoctorAddress	DoctorContactNo.
235159665	DoctorName	DoctorAddress	DoctorContactNo.
44909177	DoctorName	DoctorAddress	DoctorContactNo.
71416665	DoctorName	DoctorAddress	DoctorContactNo.
152167665	DoctorName	DoctorAddress	DoctorContactNo.
151843708	DoctorName	DoctorAddress	DoctorContactNo.
179843432	DoctorName	DoctorAddress	DoctorContactNo.
176247959	DoctorName	DoctorAddress	DoctorContactNo.
142220468	DoctorName	DoctorAddress	DoctorContactNo.
220414195	DoctorName	DoctorAddress	DoctorContactNo.
70948165	DoctorName	DoctorAddress	DoctorContactNo.
179754523	DoctorName	DoctorAddress	DoctorContactNo.
263487165	DoctorName	DoctorAddress	DoctorContactNo.
44052473	DoctorName	DoctorAddress	DoctorContactNo.
249526177	DoctorName	DoctorAddress	DoctorContactNo.
179457700	DoctorName	DoctorAddress	DoctorContactNo.
70809432	DoctorName	DoctorAddress	DoctorContactNo.
69944519	DoctorName	DoctorAddress	DoctorContactNo.
69195742	DoctorName	DoctorAddress	DoctorContactNo.
244337972	DoctorName	DoctorAddress	DoctorContactNo.
43592523	DoctorName	DoctorAddress	DoctorContactNo.
43555972	DoctorName	DoctorAddress	DoctorContactNo.
43532165	DoctorName	DoctorAddress	DoctorContactNo.
43411233	DoctorName	DoctorAddress	DoctorContactNo.
43089681	DoctorName	DoctorAddress	DoctorContactNo.
42957957	DoctorName	DoctorAddress	DoctorContactNo.
141836031	DoctorName	DoctorAddress	DoctorContactNo.
42208849	DoctorName	DoctorAddress	DoctorContactNo.
141660705	DoctorName	DoctorAddress	DoctorContactNo.
41809432	DoctorName	DoctorAddress	DoctorContactNo.
215361932	DoctorName	DoctorAddress	DoctorContactNo.
41590432	DoctorName	DoctorAddress	DoctorContactNo.
213503462	DoctorName	DoctorAddress	DoctorContactNo.
69184728	DoctorName	DoctorAddress	DoctorContactNo.
41575432	DoctorName	DoctorAddress	DoctorContactNo.
41244697	DoctorName	DoctorAddress	DoctorContactNo.
141542702	DoctorName	DoctorAddress	DoctorContactNo.
69001848	DoctorName	DoctorAddress	DoctorContactNo.
68406958	DoctorName	DoctorAddress	DoctorContactNo.
221390748	DoctorName	DoctorAddress	DoctorContactNo.
179447196	DoctorName	DoctorAddress	DoctorContactNo.
179305183	DoctorName	DoctorAddress	DoctorContactNo.
236984165	DoctorName	DoctorAddress	DoctorContactNo.
151780693	DoctorName	DoctorAddress	DoctorContactNo.
68368297	DoctorName	DoctorAddress	DoctorContactNo.
67762432	DoctorName	DoctorAddress	DoctorContactNo.
67257208	DoctorName	DoctorAddress	DoctorContactNo.
179218411	DoctorName	DoctorAddress	DoctorContactNo.
66993957	DoctorName	DoctorAddress	DoctorContactNo.
66706665	DoctorName	DoctorAddress	DoctorContactNo.
179054523	DoctorName	DoctorAddress	DoctorContactNo.
236913978	DoctorName	DoctorAddress	DoctorContactNo.
66654494	DoctorName	DoctorAddress	DoctorContactNo.
66449349	DoctorName	DoctorAddress	DoctorContactNo.
141458165	DoctorName	DoctorAddress	DoctorContactNo.
41241243	DoctorName	DoctorAddress	DoctorContactNo.
195421665	DoctorName	DoctorAddress	DoctorContactNo.
268743199	DoctorName	DoctorAddress	DoctorContactNo.
240093472	DoctorName	DoctorAddress	DoctorContactNo.
41167221	DoctorName	DoctorAddress	DoctorContactNo.
40141531	DoctorName	DoctorAddress	DoctorContactNo.
140950205	DoctorName	DoctorAddress	DoctorContactNo.
140720665	DoctorName	DoctorAddress	DoctorContactNo.
39909165	DoctorName	DoctorAddress	DoctorContactNo.
39535665	DoctorName	DoctorAddress	DoctorContactNo.
38947197	DoctorName	DoctorAddress	DoctorContactNo.
139994665	DoctorName	DoctorAddress	DoctorContactNo.
194499165	DoctorName	DoctorAddress	DoctorContactNo.
213502205	DoctorName	DoctorAddress	DoctorContactNo.
139850932	DoctorName	DoctorAddress	DoctorContactNo.
194409196	DoctorName	DoctorAddress	DoctorContactNo.
239920165	DoctorName	DoctorAddress	DoctorContactNo.
37581718	DoctorName	DoctorAddress	DoctorContactNo.
37550222	DoctorName	DoctorAddress	DoctorContactNo.
37410978	DoctorName	DoctorAddress	DoctorContactNo.
37126521	DoctorName	DoctorAddress	DoctorContactNo.
36840973	DoctorName	DoctorAddress	DoctorContactNo.
234930706	DoctorName	DoctorAddress	DoctorContactNo.
139727051	DoctorName	DoctorAddress	DoctorContactNo.
36530165	DoctorName	DoctorAddress	DoctorContactNo.
36516665	DoctorName	DoctorAddress	DoctorContactNo.
36187665	DoctorName	DoctorAddress	DoctorContactNo.
36174165	DoctorName	DoctorAddress	DoctorContactNo.
35933169	DoctorName	DoctorAddress	DoctorContactNo.
194092523	DoctorName	DoctorAddress	DoctorContactNo.
139537553	DoctorName	DoctorAddress	DoctorContactNo.
35892973	DoctorName	DoctorAddress	DoctorContactNo.
243976163	DoctorName	DoctorAddress	DoctorContactNo.
1483165	DoctorName	DoctorAddress	DoctorContactNo.
1313903	DoctorName	DoctorAddress	DoctorContactNo.
1015197	DoctorName	DoctorAddress	DoctorContactNo.
255547703	DoctorName	DoctorAddress	DoctorContactNo.
35435165	DoctorName	DoctorAddress	DoctorContactNo.
35180665	DoctorName	DoctorAddress	DoctorContactNo.
174611473	DoctorName	DoctorAddress	DoctorContactNo.
174512478	DoctorName	DoctorAddress	DoctorContactNo.
139520665	DoctorName	DoctorAddress	DoctorContactNo.
34363932	DoctorName	DoctorAddress	DoctorContactNo.
34147534	DoctorName	DoctorAddress	DoctorContactNo.
138820543	DoctorName	DoctorAddress	DoctorContactNo.
33996906	DoctorName	DoctorAddress	DoctorContactNo.
174149023	DoctorName	DoctorAddress	DoctorContactNo.
33653242	DoctorName	DoctorAddress	DoctorContactNo.
33088933	DoctorName	DoctorAddress	DoctorContactNo.
262430552	DoctorName	DoctorAddress	DoctorContactNo.
32710996	DoctorName	DoctorAddress	DoctorContactNo.
138483669	DoctorName	DoctorAddress	DoctorContactNo.
32507221	DoctorName	DoctorAddress	DoctorContactNo.
31465165	DoctorName	DoctorAddress	DoctorContactNo.
30979732	DoctorName	DoctorAddress	DoctorContactNo.
137707165	DoctorName	DoctorAddress	DoctorContactNo.
137666169	DoctorName	DoctorAddress	DoctorContactNo.
30735665	DoctorName	DoctorAddress	DoctorContactNo.
30537165	DoctorName	DoctorAddress	DoctorContactNo.
30494013	DoctorName	DoctorAddress	DoctorContactNo.
30487669	DoctorName	DoctorAddress	DoctorContactNo.
137358702	DoctorName	DoctorAddress	DoctorContactNo.
30467198	DoctorName	DoctorAddress	DoctorContactNo.
137286187	DoctorName	DoctorAddress	DoctorContactNo.
30435665	DoctorName	DoctorAddress	DoctorContactNo.
30366004	DoctorName	DoctorAddress	DoctorContactNo.
29965093	DoctorName	DoctorAddress	DoctorContactNo.
29672665	DoctorName	DoctorAddress	DoctorContactNo.
29621659	DoctorName	DoctorAddress	DoctorContactNo.
29480665	DoctorName	DoctorAddress	DoctorContactNo.
29357031	DoctorName	DoctorAddress	DoctorContactNo.
234913703	DoctorName	DoctorAddress	DoctorContactNo.
29310472	DoctorName	DoctorAddress	DoctorContactNo.
29112432	DoctorName	DoctorAddress	DoctorContactNo.
28035857	DoctorName	DoctorAddress	DoctorContactNo.
234888502	DoctorName	DoctorAddress	DoctorContactNo.
27973165	DoctorName	DoctorAddress	DoctorContactNo.
193989665	DoctorName	DoctorAddress	DoctorContactNo.
931208	DoctorName	DoctorAddress	DoctorContactNo.
193740462	DoctorName	DoctorAddress	DoctorContactNo.
127190708	DoctorName	DoctorAddress	DoctorContactNo.
27654201	DoctorName	DoctorAddress	DoctorContactNo.
27610932	DoctorName	DoctorAddress	DoctorContactNo.
27170953	DoctorName	DoctorAddress	DoctorContactNo.
213454242	DoctorName	DoctorAddress	DoctorContactNo.
27104523	DoctorName	DoctorAddress	DoctorContactNo.
26773972	DoctorName	DoctorAddress	DoctorContactNo.
26670698	DoctorName	DoctorAddress	DoctorContactNo.
267724165	DoctorName	DoctorAddress	DoctorContactNo.
243719815	DoctorName	DoctorAddress	DoctorContactNo.
256498665	DoctorName	DoctorAddress	DoctorContactNo.
26653732	DoctorName	DoctorAddress	DoctorContactNo.
137085467	DoctorName	DoctorAddress	DoctorContactNo.
136911947	DoctorName	DoctorAddress	DoctorContactNo.
213239665	DoctorName	DoctorAddress	DoctorContactNo.
193699665	DoctorName	DoctorAddress	DoctorContactNo.
26480165	DoctorName	DoctorAddress	DoctorContactNo.
25761232	DoctorName	DoctorAddress	DoctorContactNo.
25519169	DoctorName	DoctorAddress	DoctorContactNo.
25231165	DoctorName	DoctorAddress	DoctorContactNo.
25170197	DoctorName	DoctorAddress	DoctorContactNo.
25142023	DoctorName	DoctorAddress	DoctorContactNo.
231022346	DoctorName	DoctorAddress	DoctorContactNo.
24408205	DoctorName	DoctorAddress	DoctorContactNo.
136433696	DoctorName	DoctorAddress	DoctorContactNo.
24197453	DoctorName	DoctorAddress	DoctorContactNo.
243595432	DoctorName	DoctorAddress	DoctorContactNo.
23892973	DoctorName	DoctorAddress	DoctorContactNo.
23622659	DoctorName	DoctorAddress	DoctorContactNo.
135688665	DoctorName	DoctorAddress	DoctorContactNo.
135591683	DoctorName	DoctorAddress	DoctorContactNo.
23470165	DoctorName	DoctorAddress	DoctorContactNo.
22965846	DoctorName	DoctorAddress	DoctorContactNo.
213233665	DoctorName	DoctorAddress	DoctorContactNo.
193684012	DoctorName	DoctorAddress	DoctorContactNo.
220386932	DoctorName	DoctorAddress	DoctorContactNo.
212928019	DoctorName	DoctorAddress	DoctorContactNo.
258508165	DoctorName	DoctorAddress	DoctorContactNo.
135529955	DoctorName	DoctorAddress	DoctorContactNo.
267676704	DoctorName	DoctorAddress	DoctorContactNo.
263229456	DoctorName	DoctorAddress	DoctorContactNo.
135199043	DoctorName	DoctorAddress	DoctorContactNo.
212391932	DoctorName	DoctorAddress	DoctorContactNo.
174036669	DoctorName	DoctorAddress	DoctorContactNo.
234856023	DoctorName	DoctorAddress	DoctorContactNo.
212200676	DoctorName	DoctorAddress	DoctorContactNo.
173937003	DoctorName	DoctorAddress	DoctorContactNo.
135163540	DoctorName	DoctorAddress	DoctorContactNo.
134921503	DoctorName	DoctorAddress	DoctorContactNo.
211848472	DoctorName	DoctorAddress	DoctorContactNo.
173906201	DoctorName	DoctorAddress	DoctorContactNo.
173881493	DoctorName	DoctorAddress	DoctorContactNo.
230537165	DoctorName	DoctorAddress	DoctorContactNo.
173874159	DoctorName	DoctorAddress	DoctorContactNo.
134439165	DoctorName	DoctorAddress	DoctorContactNo.
173842432	DoctorName	DoctorAddress	DoctorContactNo.
211753932	DoctorName	DoctorAddress	DoctorContactNo.
22901542	DoctorName	DoctorAddress	DoctorContactNo.
134215742	DoctorName	DoctorAddress	DoctorContactNo.
22822017	DoctorName	DoctorAddress	DoctorContactNo.
22407214	DoctorName	DoctorAddress	DoctorContactNo.
193279472	DoctorName	DoctorAddress	DoctorContactNo.
211723197	DoctorName	DoctorAddress	DoctorContactNo.
21678702	DoctorName	DoctorAddress	DoctorContactNo.
134008199	DoctorName	DoctorAddress	DoctorContactNo.
21566572	DoctorName	DoctorAddress	DoctorContactNo.
133786933	DoctorName	DoctorAddress	DoctorContactNo.
133189665	DoctorName	DoctorAddress	DoctorContactNo.
133142973	DoctorName	DoctorAddress	DoctorContactNo.
229723813	DoctorName	DoctorAddress	DoctorContactNo.
133062688	DoctorName	DoctorAddress	DoctorContactNo.
132894432	DoctorName	DoctorAddress	DoctorContactNo.
248044914	DoctorName	DoctorAddress	DoctorContactNo.
132866622	DoctorName	DoctorAddress	DoctorContactNo.
247984697	DoctorName	DoctorAddress	DoctorContactNo.
211681169	DoctorName	DoctorAddress	DoctorContactNo.
21385023	DoctorName	DoctorAddress	DoctorContactNo.
21123932	DoctorName	DoctorAddress	DoctorContactNo.
132475412	DoctorName	DoctorAddress	DoctorContactNo.
132421665	DoctorName	DoctorAddress	DoctorContactNo.
243416456	DoctorName	DoctorAddress	DoctorContactNo.
132382523	DoctorName	DoctorAddress	DoctorContactNo.
21120023	DoctorName	DoctorAddress	DoctorContactNo.
132296983	DoctorName	DoctorAddress	DoctorContactNo.
20769675	DoctorName	DoctorAddress	DoctorContactNo.
234254968	DoctorName	DoctorAddress	DoctorContactNo.
20738169	DoctorName	DoctorAddress	DoctorContactNo.
228965958	DoctorName	DoctorAddress	DoctorContactNo.
132115582	DoctorName	DoctorAddress	DoctorContactNo.
20722207	DoctorName	DoctorAddress	DoctorContactNo.
131968852	DoctorName	DoctorAddress	DoctorContactNo.
211345481	DoctorName	DoctorAddress	DoctorContactNo.
131940711	DoctorName	DoctorAddress	DoctorContactNo.
20582748	DoctorName	DoctorAddress	DoctorContactNo.
20304972	DoctorName	DoctorAddress	DoctorContactNo.
131070208	DoctorName	DoctorAddress	DoctorContactNo.
131023349	DoctorName	DoctorAddress	DoctorContactNo.
19672218	DoctorName	DoctorAddress	DoctorContactNo.
19666996	DoctorName	DoctorAddress	DoctorContactNo.
19297533	DoctorName	DoctorAddress	DoctorContactNo.
130944542	DoctorName	DoctorAddress	DoctorContactNo.
130122543	DoctorName	DoctorAddress	DoctorContactNo.
19268082	DoctorName	DoctorAddress	DoctorContactNo.
130098433	DoctorName	DoctorAddress	DoctorContactNo.
19036169	DoctorName	DoctorAddress	DoctorContactNo.
19001544	DoctorName	DoctorAddress	DoctorContactNo.
18677921	DoctorName	DoctorAddress	DoctorContactNo.
18264473	DoctorName	DoctorAddress	DoctorContactNo.
17918737	DoctorName	DoctorAddress	DoctorContactNo.
17418196	DoctorName	DoctorAddress	DoctorContactNo.
219998208	DoctorName	DoctorAddress	DoctorContactNo.
17280972	DoctorName	DoctorAddress	DoctorContactNo.
247368023	DoctorName	DoctorAddress	DoctorContactNo.
17206165	DoctorName	DoctorAddress	DoctorContactNo.
17076733	DoctorName	DoctorAddress	DoctorContactNo.
16446205	DoctorName	DoctorAddress	DoctorContactNo.
16366612	DoctorName	DoctorAddress	DoctorContactNo.
16043698	DoctorName	DoctorAddress	DoctorContactNo.
16041665	DoctorName	DoctorAddress	DoctorContactNo.
211024165	DoctorName	DoctorAddress	DoctorContactNo.
15544743	DoctorName	DoctorAddress	DoctorContactNo.
15337157	DoctorName	DoctorAddress	DoctorContactNo.
210523693	DoctorName	DoctorAddress	DoctorContactNo.
15272903	DoctorName	DoctorAddress	DoctorContactNo.
15227709	DoctorName	DoctorAddress	DoctorContactNo.
210405681	DoctorName	DoctorAddress	DoctorContactNo.
262880922	DoctorName	DoctorAddress	DoctorContactNo.
15054713	DoctorName	DoctorAddress	DoctorContactNo.
13689165	DoctorName	DoctorAddress	DoctorContactNo.
13663734	DoctorName	DoctorAddress	DoctorContactNo.
228820708	DoctorName	DoctorAddress	DoctorContactNo.
192870932	DoctorName	DoctorAddress	DoctorContactNo.
228158210	DoctorName	DoctorAddress	DoctorContactNo.
210346034	DoctorName	DoctorAddress	DoctorContactNo.
13605523	DoctorName	DoctorAddress	DoctorContactNo.
173695468	DoctorName	DoctorAddress	DoctorContactNo.
243399023	DoctorName	DoctorAddress	DoctorContactNo.
209916169	DoctorName	DoctorAddress	DoctorContactNo.
219615572	DoctorName	DoctorAddress	DoctorContactNo.
209847004	DoctorName	DoctorAddress	DoctorContactNo.
207115531	DoctorName	DoctorAddress	DoctorContactNo.
243038665	DoctorName	DoctorAddress	DoctorContactNo.
192582031	DoctorName	DoctorAddress	DoctorContactNo.
207045165	DoctorName	DoctorAddress	DoctorContactNo.
192431346	DoctorName	DoctorAddress	DoctorContactNo.
13579473	DoctorName	DoctorAddress	DoctorContactNo.
219525702	DoctorName	DoctorAddress	DoctorContactNo.
173350523	DoctorName	DoctorAddress	DoctorContactNo.
218986669	DoctorName	DoctorAddress	DoctorContactNo.
13553483	DoctorName	DoctorAddress	DoctorContactNo.
13538468	DoctorName	DoctorAddress	DoctorContactNo.
173180665	DoctorName	DoctorAddress	DoctorContactNo.
13534195	DoctorName	DoctorAddress	DoctorContactNo.
13449456	DoctorName	DoctorAddress	DoctorContactNo.
13218218	DoctorName	DoctorAddress	DoctorContactNo.
13216165	DoctorName	DoctorAddress	DoctorContactNo.
12530349	DoctorName	DoctorAddress	DoctorContactNo.
172693206	DoctorName	DoctorAddress	DoctorContactNo.
209632222	DoctorName	DoctorAddress	DoctorContactNo.
209629472	DoctorName	DoctorAddress	DoctorContactNo.
12321659	DoctorName	DoctorAddress	DoctorContactNo.
192363973	DoctorName	DoctorAddress	DoctorContactNo.
218534165	DoctorName	DoctorAddress	DoctorContactNo.
12154202	DoctorName	DoctorAddress	DoctorContactNo.
11865534	DoctorName	DoctorAddress	DoctorContactNo.
11110472	DoctorName	DoctorAddress	DoctorContactNo.
11108523	DoctorName	DoctorAddress	DoctorContactNo.
172438165	DoctorName	DoctorAddress	DoctorContactNo.
10910903	DoctorName	DoctorAddress	DoctorContactNo.
10696165	DoctorName	DoctorAddress	DoctorContactNo.
10231165	DoctorName	DoctorAddress	DoctorContactNo.
9875472	DoctorName	DoctorAddress	DoctorContactNo.
209236468	DoctorName	DoctorAddress	DoctorContactNo.
9657699	DoctorName	DoctorAddress	DoctorContactNo.
209077432	DoctorName	DoctorAddress	DoctorContactNo.
218491179	DoctorName	DoctorAddress	DoctorContactNo.
8920848	DoctorName	DoctorAddress	DoctorContactNo.
8708499	DoctorName	DoctorAddress	DoctorContactNo.
192176903	DoctorName	DoctorAddress	DoctorContactNo.
8422403	DoctorName	DoctorAddress	DoctorContactNo.
8420846	DoctorName	DoctorAddress	DoctorContactNo.
172430214	DoctorName	DoctorAddress	DoctorContactNo.
8010226	DoctorName	DoctorAddress	DoctorContactNo.
7741668	DoctorName	DoctorAddress	DoctorContactNo.
7698665	DoctorName	DoctorAddress	DoctorContactNo.
208721012	DoctorName	DoctorAddress	DoctorContactNo.
7575932	DoctorName	DoctorAddress	DoctorContactNo.
7432165	DoctorName	DoctorAddress	DoctorContactNo.
7005695	DoctorName	DoctorAddress	DoctorContactNo.
192139034	DoctorName	DoctorAddress	DoctorContactNo.
208683449	DoctorName	DoctorAddress	DoctorContactNo.
191730205	DoctorName	DoctorAddress	DoctorContactNo.
172078473	DoctorName	DoctorAddress	DoctorContactNo.
6848031	DoctorName	DoctorAddress	DoctorContactNo.
130074932	DoctorName	DoctorAddress	DoctorContactNo.
6736199	DoctorName	DoctorAddress	DoctorContactNo.
6689698	DoctorName	DoctorAddress	DoctorContactNo.
6595023	DoctorName	DoctorAddress	DoctorContactNo.
6065232	DoctorName	DoctorAddress	DoctorContactNo.
208544221	DoctorName	DoctorAddress	DoctorContactNo.
130040346	DoctorName	DoctorAddress	DoctorContactNo.
191695165	DoctorName	DoctorAddress	DoctorContactNo.
5808963	DoctorName	DoctorAddress	DoctorContactNo.
5314023	DoctorName	DoctorAddress	DoctorContactNo.
191213653	DoctorName	DoctorAddress	DoctorContactNo.
208155196	DoctorName	DoctorAddress	DoctorContactNo.
5254688	DoctorName	DoctorAddress	DoctorContactNo.
5236706	DoctorName	DoctorAddress	DoctorContactNo.
129989208	DoctorName	DoctorAddress	DoctorContactNo.
129957165	DoctorName	DoctorAddress	DoctorContactNo.
4987221	DoctorName	DoctorAddress	DoctorContactNo.
4939724	DoctorName	DoctorAddress	DoctorContactNo.
191005153	DoctorName	DoctorAddress	DoctorContactNo.
4793432	DoctorName	DoctorAddress	DoctorContactNo.
129899997	DoctorName	DoctorAddress	DoctorContactNo.
4314748	DoctorName	DoctorAddress	DoctorContactNo.
129823042	DoctorName	DoctorAddress	DoctorContactNo.
4229849	DoctorName	DoctorAddress	DoctorContactNo.
4204196	DoctorName	DoctorAddress	DoctorContactNo.
208061932	DoctorName	DoctorAddress	DoctorContactNo.
129736455	DoctorName	DoctorAddress	DoctorContactNo.
4132972	DoctorName	DoctorAddress	DoctorContactNo.
3818472	DoctorName	DoctorAddress	DoctorContactNo.
3657197	DoctorName	DoctorAddress	DoctorContactNo.
129315438	DoctorName	DoctorAddress	DoctorContactNo.
269730165	DoctorName	DoctorAddress	DoctorContactNo.
